ID,Date Of Birth,Name,Surname,Start Of Work Date,Delivery Job Number,License Number,License Type,Date Of Receipt Of License,Date Of Receipt Of Latest Permit,Date Of Expiration,Need Glasses
123456780,02/02/1990,Adir,Gets,10/02/2020,5,3000000,C,01/01/2010,12/01/2021,01/01/2025,Yes
123456781,01/07/1987,Ramos,Jarosqu,10/02/2020,0,3000001,C1,02/03/2009,11/12/2014,02/03/2023,No
123456782,06/11/1992,Jimmy,Sertgo,10/02/2020,2,3000002,C,03/06/2019,21/06/2020,03/06/2027,No
123456783,15/12/1994,Jhony,Garot,10/02/2020,7,3000003,C+E,21/11/2018,25/02/2020,21/11/2031,No
123456784,25/04/1963,Jamey,Hekoss,10/02/2020,0,3000004,C,20/10/1995,26/03/2010,20/10/2026,Yes
123456785,27/01/1977,Justin,Randuin,10/02/2020,1,3000005,C1,22/09/1992,26/05/2008,22/09/2022,No
123456786,18/06/1952,Glen,Helook,10/02/2020,0,3000006,C+E,13/04/1980,15/01/2000,13/04/2024,Yes
123456787,05/10/1978,Gabi,Gov,10/02/2020,0,3000007,C,12/01/1996,22/09/2012,17/02/2023,Yes
123456788,09/12/1991,Gael,Jodi,10/02/2020,0,3000008,C1,25/03/2007,16/01/2015,19/08/2022,No
123456789,22/02/1985,Bony,Koreno,10/02/2020,0,3000009,C+E,19/07/2005,02/09/2010,21/05/2023,No
123456790,12/05/1963,David,Blat,10/02/2020,0,3000010,C+E,02/11/1993,29/07/2002,05/12/2026,No
